model,precision,recall,f1,accuracy,pr_auc,roc_auc
tf_idf,0.9641873278236914,0.9408602150537635,0.9523809523809523,0.9547803617571059,0.9892681845519047,0.9880202482212593
linear,0.9712793733681462,0.9489795918367347,0.96,0.9598965071151359,0.9890487188265998,0.9867363451559408
bert,0.9606299212598425,0.9838709677419355,0.9721115537848606,0.9728682170542635,0.9980007412786098,0.998034023431231
