model,precision,recall,f1,accuracy,pr_auc,roc_auc
tf_idf,0.9171270718232044,0.8924731182795699,0.9046321525885559,0.9095607235142119,0.9693965201144609,0.9644653078692558
linear,0.9340659340659341,0.8673469387755102,0.8994708994708994,0.9016817593790427,0.9668930871168867,0.9609546354250255
naive_bayes,0.8888888888888888,0.8602150537634409,0.8743169398907104,0.8811369509043928,0.9541690601681212,0.9375568394586209
bert,0.9297297297297298,0.9247311827956989,0.9272237196765498,0.9302325581395349,0.9804079195823668,0.9735596212485957
