model,precision,recall,f1,accuracy,pr_auc,roc_auc
naive_bayes,0.9059139784946236,0.9059139784946236,0.9059139784946236,0.9095607235142119,0.971003628152774,0.9629640774621516
