model,precision,recall,f1,accuracy,pr_auc,roc_auc
tf_idf,0.8877005347593583,0.8924731182795699,0.8900804289544236,0.8940568475452196,0.966940014646695,0.9636394639704703
linear,0.9353099730458221,0.8852040816326531,0.90956749672346,0.9107373868046572,0.9690123170783665,0.963649494463168
naive_bayes,0.8888888888888888,0.8602150537634409,0.8743169398907104,0.8811369509043928,0.9527521648320582,0.9352966351040497
bert,0.9297297297297298,0.9247311827956989,0.9272237196765498,0.9302325581395349,0.9804079195823668,0.9735596212485957
naive_bayes,0.8888888888888888,0.8602150537634409,0.8743169398907104,0.8811369509043928,0.9527521648320582,0.9352966351040497
naive_bayes,0.8888888888888888,0.8602150537634409,0.8743169398907104,0.8811369509043928,0.9527521648320582,0.9352966351040497
bert,0.9532967032967034,0.9327956989247311,0.9429347826086957,0.9457364341085271,0.9862855004693325,0.983804097790617
