model,precision,recall,f1,accuracy,pr_auc,roc_auc
tf_idf,0.975609756097561,0.9183673469387755,0.9461235216819974,0.9469598965071151,0.9932181898848341,0.9927044883111326
linear,0.9813829787234043,0.9413265306122449,0.9609375,0.9611901681759379,0.9924277641297177,0.9914540202214732
bert,0.979539641943734,0.9770408163265306,0.9782886334610472,0.9780077619663649,0.9966997121707354,0.9954336065134716
