model,precision,recall,f1,accuracy,pr_auc,roc_auc
tf_idf_test,0.8835978835978836,0.8978494623655914,0.8906666666666667,0.8940568475452196,0.9665969532631066,0.9635090675653988
tf_idf_dev,0.9145077720207254,0.9005102040816326,0.9074550128534704,0.906856403622251,0.9696341341694901,0.9630805077936686
linear_dev,0.9378378378378378,0.8852040816326531,0.910761154855643,0.9120310478654593,0.9687367007861651,0.9595418876211902
linear_test,0.9065934065934066,0.8870967741935484,0.8967391304347826,0.9018087855297158,0.9687090261347229,0.9635324720483603
nb_dev,0.9371584699453552,0.875,0.9050131926121372,0.906856403622251,0.9688319853885132,0.9558727034120734
nb_test,0.9056603773584906,0.9032258064516129,0.9044414535666218,0.9082687338501292,0.9703867093180014,0.962235194992778
