model,precision,recall,f1,accuracy,pr_auc,roc_auc
bert,0.9297297297297298,0.9247311827956989,0.9272237196765498,0.9302325581395349,0.9804079195823668,0.9735596212485957
tf_idf,0.9168975069252078,0.8897849462365591,0.903137789904502,0.9082687338501292,0.9685353384995544,0.963194778794201
linear,0.9390581717451524,0.8647959183673469,0.900398406374502,0.9029754204398448,0.9665783517981494,0.9604999197560584
