model,precision,recall,f1,accuracy,pr_auc,roc_auc
tf_idf_test,0.8877005347593583,0.8924731182795699,0.8900804289544236,0.8940568475452196,0.966940014646695,0.9636394639704703
tf_idf_dev,0.9076923076923077,0.9030612244897959,0.9053708439897699,0.9042690815006468,0.9703546396020719,0.9641451068616423
linear_test,0.9113573407202216,0.8844086021505376,0.897680763983629,0.9031007751937985,0.9690123170783665,0.963649494463168
linear_dev,0.9353099730458221,0.8852040816326531,0.90956749672346,0.9107373868046572,0.9686832721341112,0.9598699716106915linear_dev,0.9353099730458221,0.8852040816326531,0.90956749672346,0.9107373868046572,0.9686832721341112,0.9598699716106915
bert,0.9532967032967034,0.9327956989247311,0.9429347826086957,0.9457364341085271,0.9862855004693325,0.983804097790617
