model,precision,recall,f1,accuracy,pr_auc,roc_auc
tf_idf,0.9748603351955307,0.9381720430107527,0.9561643835616438,0.958656330749354,0.9932181898848341,0.9927044883111326
linear,0.9813829787234043,0.9413265306122449,0.9609375,0.9611901681759379,0.9924277641297177,0.9914540202214732
tf_idf,0.9748603351955307,0.9381720430107527,0.9561643835616438,0.958656330749354,0.9932181898848341,0.9927044883111326
linear,0.9813829787234043,0.9413265306122449,0.9609375,0.9611901681759379,0.9924277641297177,0.9914540202214732
bert,0.9606299212598425,0.9838709677419355,0.9721115537848606,0.9728682170542635,0.9980007412786098,0.998034023431231
